[{"username":"raju1990","password":"raju@123","secret_question":"What is your mother's maiden name?","secret_answer":"Patel","registration":true},{"username":"meena_sharma","password":"meena@2022","secret_question":"What is your favorite childhood nickname?","secret_answer":"Mona","registration":false},{"username":"amit_delhi","password":"amit1234","secret_question":"What is your favorite food?","secret_answer":"Paneer Tikka","registration":false},{"username":"deepa_mumbai","password":"deepa@789","secret_question":"What is the name of your first pet?","secret_answer":"Tommy","registration":false},{"username":"arjun_bangalore","password":"arjun@567","secret_question":"What is your favorite holiday destination?","secret_answer":"Goa","registration":false},{"username":"anubhi29","password":"AnuAbhi@2910","secret_question":"When did we first meet?","secret_answer":"5 August","registration":true},{"username":"rishikalra","password":"12345678","secret_question":"name?","secret_answer":"Rishi Kalra","registration":false},{"username":"abhijain565","password":"12345678","secret_question":"My JEE Advance Rank?","secret_answer":"58","registration":false},{"username":"adhya30","password":"adhyaisbad","secret_question":"nickname?","secret_answer":"Chotu","registration":true},{"username":"adhya3010","password":"adhyaisabadboy","secret_question":"Nickname?","secret_answer":"chotu","registration":true},{"username":"satyam","password":"12345678","secret_question":"name?","secret_answer":"satyam","registration":true},{"username":"Sameer","password":"qwertyuiop","secret_question":"a","secret_answer":"b","registration":true},{"username":"AryaSuwalka","password":"aryasuwalka2005","secret_question":"my love?","secret_answer":"sameer","registration":true},{"username":"shreeya","password":"shreeya123","secret_question":"h","secret_answer":"h","registration":true},{"username":"23B0953","password":"12345678","secret_question":"Who is my love?","secret_answer":"turtle","registration":true},{"username":"aditi","password":"aditi1234","secret_question":"who is my roommate","secret_answer":"arya suwalka","registration":true},{"username":"jigyasaa","password":"password","secret_question":"who is my roommate","secret_answer":"gowri","registration":true},{"username":"AbhiSingle4eva","password":"Password","secret_question":"Why am I single?","secret_answer":"Yes","registration":true},{"username":"anushka","password":"anu@0404","secret_question":"my love?","secret_answer":"Abhi","registration":true},{"username":"RamRam","password":"12345678","secret_question":"name?","secret_answer":"Ram","registration":true},{"username":"mkedia","password":"Malaykedia","secret_question":"Heyy","secret_answer":"Heyy","registration":true},{"username":"abhijain","password":"abhijain","secret_answer":"abhi","secret_question":"abhi","registration":true},{"username":"Kayra","password":"K@100411","secret_question":"my sister?","secret_answer":"anushka","registration":true},{"username":"Jashan","password":"jashan@123","secret_question":"who is my roommate","secret_answer":"abhi jaan","registration":true},{"username":"chiddu","password":"iloveram","secret_question":"who is my roommate","secret_answer":"anonymous ","registration":true}]