[{"IITB Roll Number":"2023001","Name":"Aryan Sharma","Year of Study":"3rd","Age":21,"Gender":"Male","Interests":["Traveling","Music"],"Hobbies":["Reading","Playing musical instruments"],"Email":"aryan@example.com","Photo":"photos/aryan_sharma.png","username":"N/A","likes":4},{"IITB Roll Number":"2023002","Name":"Aditi Singh","Year of Study":"2nd","Age":20,"Gender":"Female","Interests":["Movies","Art"],"Hobbies":["Cooking","Painting"],"Email":"aditi@example.com","Photo":"photos/aditi_singh.png","username":"N/A","likes":3},{"IITB Roll Number":"2023003","Name":"Rahul Patel","Year of Study":"4th","Age":22,"Gender":"Male","Interests":["Technology","Sports"],"Hobbies":["Coding","Watching YouTube/Instagram"],"Email":"rahul@example.com","Photo":"photos/rahul_patel.png","username":"N/A","likes":4},{"IITB Roll Number":"2023004","Name":"Sneha Desai","Year of Study":"1st","Age":19,"Gender":"Female","Interests":["Literature","Fashion"],"Hobbies":["Gardening","Painting"],"Email":"sneha@example.com","Photo":"photos/sneha_desai.png","username":"N/A","likes":2},{"IITB Roll Number":"2023005","Name":"Rohan Gupta","Year of Study":"3rd","Age":21,"Gender":"Male","Interests":["Movies","Technology"],"Hobbies":["Playing musical instruments","Watching YouTube/Instagram"],"Email":"rohan@example.com","Photo":"photos/rohan_gupta.jpg","username":"N/A","likes":1},{"IITB Roll Number":"2023006","Name":"Neha Reddy","Year of Study":"4th","Age":22,"Gender":"Female","Interests":["Art","Music"],"Hobbies":["Reading","Painting"],"Email":"neha@example.com","Photo":"photos/neha_reddy.png","username":"N/A","likes":4},{"IITB Roll Number":"2023007","Name":"Vivek Kumar","Year of Study":"2nd","Age":20,"Gender":"Male","Interests":["Sports","Technology"],"Hobbies":["Coding","Watching YouTube/Instagram"],"Email":"vivek@example.com","Photo":"photos/vivek_kumar.jpg","username":"N/A","likes":2},{"IITB Roll Number":"23b0903","Name":"Abhi Jain","Year of Study":"1st","Age":"18","Gender":"Male","Interests":["Traveling","Sports","Movies","Technology"],"Hobbies":["Cooking","Coding","Watching YouTube/Instagram"],"Email":"abhijain565aj@gmail.com","Photo":"photos/23b0903_abhi_jain.jpg","username":"abhijain","likes":3},{"IITB Roll Number":"23b2910","Name":"Anubhi","Year of Study":"1st","Age":"18","Gender":"Female","Interests":["Traveling","Sports","Movies","Music","Technology"],"Hobbies":["Cooking","Coding","Watching YouTube/Instagram","Playing musical instruments","Photography"],"Email":"anubhi2910@t&j.cartoon","Photo":"photos/23b2910_anubhi.jpg","username":"anubhi29","likes":1},{"IITB Roll Number":"23b1000","Name":"Raju Boi","Year of Study":"2nd","Age":"20","Gender":"Male","Interests":["Sports","Technology"],"Hobbies":["Reading","Cooking","Coding","Playing musical instruments"],"Email":"rajutp@iitb.ac.in","Photo":"photos/23b1000_raju_boi.jpg","username":"raju1990","likes":4},{"IITB Roll Number":"23b3010","Name":"Adhya Jain","Year of Study":"1st","Age":"19","Gender":"Male","Interests":["Sports","Literature","Fashion","Art"],"Hobbies":["Cooking","Gardening","Painting","Playing musical instruments"],"Email":"adhyajain5june@gmail.com","Photo":"photos/23b3010_adhya_jain.jpg","username":"adhya30","likes":2},{"IITB Roll Number":"23b1111","Name":"Adhya Jain","Year of Study":"1st","Age":"18","Gender":"Male","Interests":["Sports","Movies","Music","Art"],"Hobbies":["Cooking","Gardening","Painting","Playing musical instruments"],"Email":"abhijain5june@gmail.com","Photo":"photos/23b1111_adhya_jain.jpg","username":"adhya3010","likes":3},{"IITB Roll Number":"23b0958","Name":"satyam s","Year of Study":"1st","Age":"18","Gender":"Male","Interests":["Traveling","Sports","Movies","Technology"],"Hobbies":["Reading","Coding","Watching YouTube/Instagram"],"Email":"satyam@gmail.com","Photo":"photos/23b0958_satyam_s.jpg","username":"satyam","likes":2},{"IITB Roll Number":"23456","Name":"Sameer","Year of Study":"1st","Age":"18","Gender":"Male","Interests":["Sports","Technology"],"Hobbies":["Coding","Gardening","Painting","Watching YouTube/Instagram"],"Email":"sameerapatil.2605@gmail.com","Photo":"photos/23456_sameer.jpg","username":"Sameer","likes":1},{"IITB Roll Number":"23b0902","Name":"Arya Suwalka","Year of Study":"1st","Age":"18","Gender":"Female","Interests":["Traveling","Movies","Music","Fashion","Art"],"Hobbies":["Painting","Watching YouTube/Instagram","Photography"],"Email":"23b0902@iitb.ac.in","Photo":"photos/23b0902_arya_suwalka.jpg","username":"AryaSuwalka","likes":2},{"IITB Roll Number":"23b3333","Name":"shreeya","Year of Study":"1st","Age":"18","Gender":"Female","Interests":["Traveling","Movies","Music","Literature","Technology","Art"],"Hobbies":["Reading","Cooking","Coding","Painting","Watching YouTube/Instagram","Playing musical instruments","Photography"],"Email":"abcd@GMAIL.COM","Photo":"photos/23b3333_shreeya.png","username":"shreeya","likes":2},{"IITB Roll Number":"23b0953","Name":"Aakash Gupta","Year of Study":"1st","Age":"18","Gender":"Male","Interests":["Movies","Music","Technology","Fashion","Art"],"Hobbies":["Cooking","Coding","Gardening","Painting","Watching YouTube/Instagram"],"Email":"23b0953@iitb.ac.in","Photo":"photos/23b0953_aakash_gupta.png","username":"23B0953","likes":1},{"IITB Roll Number":"23b1053","Name":"Aditi Singh","Year of Study":"1st","Age":"18","Gender":"Female","Interests":["Traveling","Movies","Music","Technology"],"Hobbies":["Coding","Watching YouTube/Instagram","Photography"],"Email":"aditisumansingh@gmail.com","Photo":"photos/23b1053_aditi_singh.png","username":"aditi","likes":0},{"IITB Roll Number":"23b1083","Name":"Jigyasa","Year of Study":"1st","Age":"19","Gender":"Female","Interests":["Traveling","Movies","Music","Technology","Fashion","Art"],"Hobbies":["Coding","Watching YouTube/Instagram"],"Email":"23b1083@iitb.ac.in","Photo":"photos/23b1083_jigyasa.png","username":"jigyasaa","likes":1},{"IITB Roll Number":"23B0911","Name":"Abhilasha","Year of Study":"1st","Age":"18","Gender":"Female","Interests":["Traveling","Movies","Music","Technology"],"Hobbies":["Reading","Coding"],"Email":"xyz@gmail.com","Photo":"photos/23B0911_abhilasha.png","username":"AbhiSingle4eva","likes":1},{"IITB Roll Number":"23b0928","Name":"Anushka","Year of Study":"1st","Age":"18","Gender":"Female","Interests":["Traveling","Sports","Movies","Music","Art"],"Hobbies":["Cooking","Painting","Watching YouTube/Instagram","Playing musical instruments"],"Email":"23b0928@gmail.com","Photo":"photos/23b0928_anushka.jpg","username":"anushka","likes":5},{"IITB Roll Number":"23b1052","Name":"Ramachandran S","Year of Study":"1st","Age":"18","Gender":"Male","Interests":["Traveling","Sports","Movies"],"Hobbies":["Coding","Playing musical instruments","Photography"],"Email":"23b1052@iitb.ac.in","Photo":"photos/23b1052_ramachandran_s.jpg","username":"RamRam","likes":0},{"IITB Roll Number":"23b1034","Name":"Malay Kedia","Year of Study":"1st","Age":"18","Gender":"Male","Interests":["Movies","Music","Art"],"Hobbies":["Coding","Painting","Watching YouTube/Instagram"],"Email":"23b1034@iitb.ac.in","Photo":"photos/23b1034_malay_kedia.jpeg","username":"mkedia","likes":1},{"IITB Roll Number":"23b1004","Name":"Kayra","Year of Study":"1st","Age":"18","Gender":"Female","Interests":["Traveling","Fashion","Art"],"Hobbies":["Painting","Photography"],"Email":"23b1004@iitb.ac.in","Photo":"photos/23b1004_kayra.jpg","username":"Kayra","likes":0},{"IITB Roll Number":"23b0985","Name":"Jashanpreet Singh","Year of Study":"1st","Age":"18","Gender":"Male","Interests":["Traveling","Movies","Music","Fashion"],"Hobbies":["Watching YouTube/Instagram","Playing musical instruments","Photography"],"Email":"jashan@gmail.com","Photo":"photos/23b0985_jashanpreet_singh.jpg","username":"Jashan","likes":0},{"IITB Roll Number":"23b0995","Name":"CHADDI VILAS","Year of Study":"1st","Age":"18","Gender":"Male","Interests":["Traveling","Sports","Technology","Fashion","Art"],"Hobbies":["Cooking","Painting"],"Email":"chid@gmail.com","Photo":"photos/23b0995_chaddi_vilas.jpg","username":"chiddu","likes":1}]